{"H":[95.4239990234,95.4239990234,95.4239990234,95.4239990234,95.4239990234,95.4239990234,95.4239990234,95.4239990234,95.4239990234,95.4239990234,95.4239990234,95.4239990234,95.4239990234,95.4239990234,95.4239990234,95.4239990234,95.4239990234,95.4239990234,95.4239990234,95.4239990234,95.4239990234,95.4239990234,95.4239990234,95.4239990234,95.4239990234,95.4239990234,95.4239990234,95.4239990234,95.4239990234,95.4239990234,95.4239990234,95.4239990234,95.4239990234,95.4239990234,95.4239990234,95.4239990234,95.4239990234,95.4239990234,95.4239990234,95.4239990234,95.4239990234,95.4239990234,95.4239990234,95.4239990234,95.4239990234,95.4239990234,95.4239990234,95.4239990234,95.4239990234,95.4239990234,95.4239990234,95.4239990234,95.4239990234,95.4239990234,95.4239990234,95.4239990234,95.4239990234,95.4239990234,95.4239990234,95.4239990234,95.4239990234,95.4239990234,95.4239990234,95.4239990234,95.4239990234,95.4239990234,95.4239990234,95.4239990234,95.4239990234,95.4239990234,95.4239990234,95.4239990234,95.4239990234,95.4239990234,86.6880004883,86.6880004883,86.6880004883,86.6880004883,86.6880004883,86.6880004883,86.6880004883,86.6880004883,86.6880004883,86.6880004883,86.6880004883,86.6880004883,86.6880004883,86.6880004883,86.6880004883,86.6880004883,86.6880004883,86.6880004883,86.6880004883,86.6880004883,86.6880004883,86.6880004883,86.6880004883,86.6880004883,86.6880004883,86.6880004883,86.6880004883,86.6880004883,86.6880004883,86.6880004883,86.6880004883,86.6880004883,86.6880004883,86.6880004883,86.6880004883,86.6880004883,86.6880004883,86.6880004883,86.6880004883,86.6880004883,86.6880004883,86.6880004883,86.6880004883,86.6880004883,86.6880004883,86.6880004883,86.6880004883,86.6880004883,86.6880004883,86.6880004883,86.6880004883,86.6880004883,86.6880004883,86.6880004883,86.6880004883,86.6880004883,86.6880004883,86.6880004883,86.6880004883,86.6880004883,86.6880004883,86.6880004883,86.6880004883,86.6880004883,86.6880004883,86.6880004883,86.6880004883,86.6880004883,86.6880004883,86.6880004883,86.6880004883,86.6880004883,86.6880004883,86.6880004883,86.6880004883,86.6880004883,86.6880004883,86.6880004883,86.6880004883,86.6880004883,86.6880004883,86.6880004883,86.6880004883,86.6880004883,86.6880004883,86.6880004883,86.6880004883,86.6880004883],"W":[95.4239990234,95.4239990234,95.4239990234,95.4239990234,95.4239990234,95.4239990234,95.4239990234,95.4239990234,95.4239990234,95.4239990234,95.4239990234,95.4239990234,95.4239990234,95.4239990234,95.4239990234,95.4239990234,95.4239990234,95.4239990234,95.4239990234,95.4239990234,95.4239990234,95.4239990234,95.4239990234,95.4239990234,95.4239990234,95.4239990234,95.4239990234,95.4239990234,95.4239990234,95.4239990234,95.4239990234,95.4239990234,95.4239990234,95.4239990234,95.4239990234,95.4239990234,95.4239990234,95.4239990234,95.4239990234,95.4239990234,95.4239990234,95.4239990234,95.4239990234,95.4239990234,95.4239990234,95.4239990234,95.4239990234,95.4239990234,95.4239990234,95.4239990234,95.4239990234,95.4239990234,95.4239990234,95.4239990234,95.4239990234,95.4239990234,95.4239990234,95.4239990234,95.4239990234,95.4239990234,95.4239990234,95.4239990234,95.4239990234,95.4239990234,95.4239990234,95.4239990234,95.4239990234,95.4239990234,95.4239990234,95.4239990234,95.4239990234,95.4239990234,95.4239990234,95.4239990234,86.6880004883,86.6880004883,86.6880004883,86.6880004883,86.6880004883,86.6880004883,86.6880004883,86.6880004883,86.6880004883,86.6880004883,86.6880004883,86.6880004883,86.6880004883,86.6880004883,86.6880004883,86.6880004883,86.6880004883,86.6880004883,86.6880004883,86.6880004883,86.6880004883,86.6880004883,86.6880004883,86.6880004883,86.6880004883,86.6880004883,86.6880004883,86.6880004883,86.6880004883,86.6880004883,86.6880004883,86.6880004883,86.6880004883,86.6880004883,86.6880004883,86.6880004883,86.6880004883,86.6880004883,86.6880004883,86.6880004883,86.6880004883,86.6880004883,86.6880004883,86.6880004883,86.6880004883,86.6880004883,86.6880004883,86.6880004883,86.6880004883,86.6880004883,86.6880004883,86.6880004883,86.6880004883,86.6880004883,86.6880004883,86.6880004883,86.6880004883,86.6880004883,86.6880004883,86.6880004883,86.6880004883,86.6880004883,86.6880004883,86.6880004883,86.6880004883,86.6880004883,86.6880004883,86.6880004883,86.6880004883,86.6880004883,86.6880004883,86.6880004883,86.6880004883,86.6880004883,86.6880004883,86.6880004883,86.6880004883,86.6880004883,86.6880004883,86.6880004883,86.6880004883,86.6880004883,86.6880004883,86.6880004883,86.6880004883,86.6880004883,86.6880004883,86.6880004883],"X":[159.039997749,168.582397651,163.8111977,159.039997749,168.582397651,168.582397651,159.039997749,163.8111977,168.582397651,159.039997749,163.8111977,163.8111977,163.8111977,159.039997749,182.895997505,182.895997505,173.353597603,182.895997505,182.895997505,163.8111977,168.582397651,154.268797798,154.268797798,163.8111977,173.353597603,173.353597603,182.895997505,168.582397651,168.582397651,173.353597603,173.353597603,163.8111977,163.8111977,159.039997749,163.8111977,163.8111977,168.582397651,168.582397651,182.895997505,187.667197456,168.582397651,159.039997749,163.8111977,168.582397651,178.124797554,173.353597603,182.895997505,163.8111977,163.8111977,178.124797554,182.895997505,197.209597358,192.438397407,182.895997505,173.353597603,163.8111977,173.353597603,168.582397651,163.8111977,163.8111977,163.8111977,159.039997749,154.268797798,163.8111977,163.8111977,168.582397651,163.8111977,163.8111977,168.582397651,168.582397651,168.582397651,173.353597603,173.353597603,173.353597603,127.142401296,131.47680132,122.808001272,114.139201223,114.139201223,122.808001272,144.480001394,144.480001394,148.814401418,148.814401418,157.483201467,157.483201467,157.483201467,153.148801443,144.480001394,144.480001394,144.480001394,144.480001394,148.814401418,148.814401418,153.148801443,148.814401418,144.480001394,157.483201467,157.483201467,153.148801443,153.148801443,157.483201467,157.483201467,153.148801443,148.814401418,153.148801443,153.148801443,144.480001394,140.145601369,144.480001394,140.145601369,140.145601369,148.814401418,140.145601369,144.480001394,140.145601369,148.814401418,144.480001394,148.814401418,148.814401418,148.814401418,148.814401418,148.814401418,153.148801443,153.148801443,153.148801443,140.145601369,135.811201345,140.145601369,127.142401296,166.152001516,161.817601491,153.148801443,157.483201467,144.480001394,144.480001394,148.814401418,148.814401418,166.152001516,170.48640154,166.152001516,161.817601491,144.480001394,144.480001394,144.480001394,148.814401418,140.145601369,144.480001394,140.145601369,148.814401418,144.480001394,148.814401418,153.148801443,157.483201467,153.148801443,166.152001516,157.483201467,153.148801443,148.814401418,153.148801443,157.483201467,153.148801443],