{"H":[318.079999238,318.079999238,318.079999238,318.079999238,318.079999238,318.079999238,318.079999238,318.079999238,318.079999238,318.079999238,318.079999238,318.079999238,318.079999238,318.079999238,318.079999238,318.079999238,318.079999238,318.079999238,318.079999238,318.079999238,318.079999238,318.079999238,318.079999238,318.079999238,318.079999238,318.079999238,318.079999238,318.079999238,318.079999238,318.079999238,318.079999238,318.079999238,318.079999238,318.079999238,318.079999238,318.079999238,318.079999238,318.079999238,318.079999238,318.079999238,318.079999238,318.079999238,318.079999238,318.079999238,318.079999238,318.079999238,318.079999238,318.079999238,318.079999238,318.079999238,318.079999238,318.079999238,318.079999238,318.079999238,318.079999238,318.079999238,318.079999238,318.079999238,318.079999238,318.079999238,318.079999238,318.079999238,318.079999238,318.079999238,318.079999238,318.079999238,318.079999238,318.079999238,318.079999238,318.079999238,318.079999238,318.079999238,318.079999238,318.079999238,288.959999308,288.959999308,288.959999308,288.959999308,288.959999308,288.959999308,288.959999308,288.959999308,288.959999308,288.959999308,288.959999308,288.959999308,288.959999308,288.959999308,288.959999308,288.959999308,288.959999308,288.959999308,288.959999308,288.959999308,288.959999308,288.959999308,288.959999308,288.959999308,288.959999308,288.959999308,288.959999308,288.959999308,288.959999308,288.959999308,288.959999308,288.959999308,288.959999308,288.959999308,288.959999308,288.959999308,288.959999308,288.959999308,288.959999308,288.959999308,288.959999308,288.959999308,288.959999308,288.959999308,288.959999308,288.959999308,288.959999308,288.959999308,288.959999308,288.959999308,288.959999308,288.959999308,288.959999308,288.959999308,288.959999308,288.959999308,288.959999308,288.959999308,288.959999308,288.959999308,288.959999308,288.959999308,288.959999308,288.959999308,288.959999308,288.959999308,288.959999308,288.959999308,288.959999308,288.959999308,288.959999308,288.959999308,288.959999308,288.959999308,288.959999308,288.959999308,288.959999308,288.959999308,288.959999308,288.959999308,288.959999308,288.959999308,288.959999308,288.959999308,288.959999308,288.959999308,288.959999308,288.959999308],"W":[318.079999238,318.079999238,318.079999238,318.079999238,318.079999238,318.079999238,318.079999238,318.079999238,318.079999238,318.079999238,318.079999238,318.079999238,318.079999238,318.079999238,318.079999238,318.079999238,318.079999238,318.079999238,318.079999238,318.079999238,318.079999238,318.079999238,318.079999238,318.079999238,318.079999238,318.079999238,318.079999238,318.079999238,318.079999238,318.079999238,318.079999238,318.079999238,318.079999238,318.079999238,318.079999238,318.079999238,318.079999238,318.079999238,318.079999238,318.079999238,318.079999238,318.079999238,318.079999238,318.079999238,318.079999238,318.079999238,318.079999238,318.079999238,318.079999238,318.079999238,318.079999238,318.079999238,318.079999238,318.079999238,318.079999238,318.079999238,318.079999238,318.079999238,318.079999238,318.079999238,318.079999238,318.079999238,318.079999238,318.079999238,318.079999238,318.079999238,318.079999238,318.079999238,318.079999238,318.079999238,318.079999238,318.079999238,318.079999238,318.079999238,288.959999308,288.959999308,288.959999308,288.959999308,288.959999308,288.959999308,288.959999308,288.959999308,288.959999308,288.959999308,288.959999308,288.959999308,288.959999308,288.959999308,288.959999308,288.959999308,288.959999308,288.959999308,288.959999308,288.959999308,288.959999308,288.959999308,288.959999308,288.959999308,288.959999308,288.959999308,288.959999308,288.959999308,288.959999308,288.959999308,288.959999308,288.959999308,288.959999308,288.959999308,288.959999308,288.959999308,288.959999308,288.959999308,288.959999308,288.959999308,288.959999308,288.959999308,288.959999308,288.959999308,288.959999308,288.959999308,288.959999308,288.959999308,288.959999308,288.959999308,288.959999308,288.959999308,288.959999308,288.959999308,288.959999308,288.959999308,288.959999308,288.959999308,288.959999308,288.959999308,288.959999308,288.959999308,288.959999308,288.959999308,288.959999308,288.959999308,288.959999308,288.959999308,288.959999308,288.959999308,288.959999308,288.959999308,288.959999308,288.959999308,288.959999308,288.959999308,288.959999308,288.959999308,288.959999308,288.959999308,288.959999308,288.959999308,288.959999308,288.959999308,288.959999308,288.959999308,288.959999308,288.959999308],"X":[118.960000381,116.960000381,118.960000381,116.960000381,112.960000381,110.960000381,108.960000381,106.960000381,106.960000381,108.960000381,108.960000381,106.960000381,106.960000381,106.960000381,104.960000381,104.960000381,104.960000381,104.960000381,108.960000381,110.960000381,114.960000381,116.960000381,118.960000381,122.960000381,118.960000381,114.960000381,110.960000381,120.960000381,120.960000381,118.960000381,116.960000381,106.960000381,106.960000381,106.960000381,106.960000381,106.960000381,106.960000381,108.960000381,110.960000381,114.960000381,134.960000381,132.960000381,124.960000381,124.960000381,120.960000381,120.960000381,120.960000381,132.960000381,130.960000381,128.960000381,130.960000381,104.960000381,108.960000381,120.960000381,128.960000381,132.960000381,132.960000381,132.960000381,132.960000381,132.960000381,130.960000381,140.960000381,136.960000381,132.960000381,128.960000381,124.960000381,108.960000381,108.960000381,110.960000381,112.960000381,108.960000381,110.960000381,110.960000381,114.960000381,124.520000346,124.520000346,126.520000346,128.520000346,124.520000346,120.520000346,128.520000346,128.520000346,126.520000346,124.520000346,110.520000346,112.520000346,118.520000346,122.520000346,126.520000346,128.520000346,128.520000346,128.520000346,128.520000346,116.520000346,120.520000346,124.520000346,126.520000346,126.520000346,126.520000346,126.520000346,126.520000346,126.520000346,126.520000346,126.520000346,126.520000346,126.520000346,126.520000346,140.520000346,140.520000346,140.520000346,140.520000346,140.520000346,140.520000346,140.520000346,140.520000346,140.520000346,140.520000346,140.520000346,140.520000346,140.520000346,140.520000346,130.520000346,130.520000346,130.520000346,130.520000346,130.520000346,142.520000346,140.520000346,140.520000346,140.520000346,108.520000346,112.520000346,114.520000346,118.520000346,140.520000346,138.520000346,138.520000346,138.520000346,112.520000346,114.520000346,118.520000346,124.520000346,140.520000346,140.520000346,140.520000346,140.520000346,140.520000346,140.520000346,140.520000346,140.520000346,140.520000346,140.520000346,140.520000346,140.520000346,140.520000346,124.520000346,128.520000346,132.520000346,138.520000346,142.520000346,146.520000346,130.520000346],