{"H":[95.4239990234,95.4239990234,95.4239990234,95.4239990234,95.4239990234,95.4239990234,95.4239990234,95.4239990234,95.4239990234,95.4239990234,95.4239990234,95.4239990234,95.4239990234,95.4239990234,95.4239990234,95.4239990234,95.4239990234,95.4239990234,95.4239990234,95.4239990234,95.4239990234,95.4239990234,95.4239990234,95.4239990234,95.4239990234,95.4239990234,95.4239990234,95.4239990234,95.4239990234,95.4239990234,95.4239990234,95.4239990234,95.4239990234,95.4239990234,95.4239990234,95.4239990234,95.4239990234,95.4239990234,95.4239990234,95.4239990234,95.4239990234,95.4239990234,95.4239990234,95.4239990234,95.4239990234,95.4239990234,95.4239990234,95.4239990234,95.4239990234,95.4239990234,95.4239990234,95.4239990234,95.4239990234,95.4239990234,95.4239990234,95.4239990234,95.4239990234,95.4239990234,95.4239990234,95.4239990234,95.4239990234,95.4239990234,95.4239990234,95.4239990234,95.4239990234,95.4239990234,95.4239990234,95.4239990234,95.4239990234,95.4239990234,95.4239990234,95.4239990234,95.4239990234,95.4239990234,86.6880004883,86.6880004883,86.6880004883,86.6880004883,86.6880004883,86.6880004883,86.6880004883,86.6880004883,86.6880004883,86.6880004883,86.6880004883,86.6880004883,86.6880004883,86.6880004883,86.6880004883,86.6880004883,86.6880004883,86.6880004883,86.6880004883,86.6880004883,86.6880004883,86.6880004883,86.6880004883,86.6880004883,86.6880004883,86.6880004883,86.6880004883,86.6880004883,86.6880004883,86.6880004883,86.6880004883,86.6880004883,86.6880004883,86.6880004883,86.6880004883,86.6880004883,86.6880004883,86.6880004883,86.6880004883,86.6880004883,86.6880004883,86.6880004883,86.6880004883,86.6880004883,86.6880004883,86.6880004883,86.6880004883,86.6880004883,86.6880004883,86.6880004883,86.6880004883,86.6880004883,86.6880004883,86.6880004883,86.6880004883,86.6880004883,86.6880004883,86.6880004883,86.6880004883,86.6880004883,86.6880004883,86.6880004883,86.6880004883,86.6880004883,86.6880004883,86.6880004883,86.6880004883,86.6880004883,86.6880004883,86.6880004883,86.6880004883,86.6880004883,86.6880004883,86.6880004883,86.6880004883,86.6880004883,86.6880004883,86.6880004883,86.6880004883,86.6880004883,86.6880004883,86.6880004883,86.6880004883,86.6880004883,86.6880004883,86.6880004883,86.6880004883,86.6880004883],"W":[95.4239990234,95.4239990234,95.4239990234,95.4239990234,95.4239990234,95.4239990234,95.4239990234,95.4239990234,95.4239990234,95.4239990234,95.4239990234,95.4239990234,95.4239990234,95.4239990234,95.4239990234,95.4239990234,95.4239990234,95.4239990234,95.4239990234,95.4239990234,95.4239990234,95.4239990234,95.4239990234,95.4239990234,95.4239990234,95.4239990234,95.4239990234,95.4239990234,95.4239990234,95.4239990234,95.4239990234,95.4239990234,95.4239990234,95.4239990234,95.4239990234,95.4239990234,95.4239990234,95.4239990234,95.4239990234,95.4239990234,95.4239990234,95.4239990234,95.4239990234,95.4239990234,95.4239990234,95.4239990234,95.4239990234,95.4239990234,95.4239990234,95.4239990234,95.4239990234,95.4239990234,95.4239990234,95.4239990234,95.4239990234,95.4239990234,95.4239990234,95.4239990234,95.4239990234,95.4239990234,95.4239990234,95.4239990234,95.4239990234,95.4239990234,95.4239990234,95.4239990234,95.4239990234,95.4239990234,95.4239990234,95.4239990234,95.4239990234,95.4239990234,95.4239990234,95.4239990234,86.6880004883,86.6880004883,86.6880004883,86.6880004883,86.6880004883,86.6880004883,86.6880004883,86.6880004883,86.6880004883,86.6880004883,86.6880004883,86.6880004883,86.6880004883,86.6880004883,86.6880004883,86.6880004883,86.6880004883,86.6880004883,86.6880004883,86.6880004883,86.6880004883,86.6880004883,86.6880004883,86.6880004883,86.6880004883,86.6880004883,86.6880004883,86.6880004883,86.6880004883,86.6880004883,86.6880004883,86.6880004883,86.6880004883,86.6880004883,86.6880004883,86.6880004883,86.6880004883,86.6880004883,86.6880004883,86.6880004883,86.6880004883,86.6880004883,86.6880004883,86.6880004883,86.6880004883,86.6880004883,86.6880004883,86.6880004883,86.6880004883,86.6880004883,86.6880004883,86.6880004883,86.6880004883,86.6880004883,86.6880004883,86.6880004883,86.6880004883,86.6880004883,86.6880004883,86.6880004883,86.6880004883,86.6880004883,86.6880004883,86.6880004883,86.6880004883,86.6880004883,86.6880004883,86.6880004883,86.6880004883,86.6880004883,86.6880004883,86.6880004883,86.6880004883,86.6880004883,86.6880004883,86.6880004883,86.6880004883,86.6880004883,86.6880004883,86.6880004883,86.6880004883,86.6880004883,86.6880004883,86.6880004883,86.6880004883,86.6880004883,86.6880004883,86.6880004883],"X":[49.3023988721,49.3023988721,49.3023988721,44.5311989209,54.0735988232,54.0735988232,49.3023988721,54.0735988232,49.3023988721,44.5311989209,44.5311989209,44.5311989209,44.5311989209,44.5311989209,58.8447987744,58.8447987744,58.8447987744,58.8447987744,54.0735988232,44.5311989209,39.7599989697,30.2175990674,39.7599989697,39.7599989697,49.3023988721,54.0735988232,54.0735988232,44.5311989209,49.3023988721,44.5311989209,54.0735988232,49.3023988721,44.5311989209,39.7599989697,44.5311989209,44.5311989209,49.3023988721,44.5311989209,54.0735988232,63.6159987256,39.7599989697,39.7599989697,39.7599989697,39.7599989697,49.3023988721,54.0735988232,58.8447987744,44.5311989209,44.5311989209,58.8447987744,58.8447987744,73.1583986279,73.1583986279,54.0735988232,49.3023988721,34.9887990186,49.3023988721,44.5311989209,39.7599989697,34.9887990186,34.9887990186,30.2175990674,30.2175990674,39.7599989697,39.7599989697,49.3023988721,44.5311989209,44.5311989209,44.5311989209,39.7599989697,44.5311989209,39.7599989697,49.3023988721,44.5311989209,18.7824006857,23.1168007101,14.4480006613,5.77920061246,10.1136006369,18.7824006857,40.4544008078,36.1200007834,40.4544008078,40.4544008078,44.7888008322,49.1232008566,40.4544008078,40.4544008078,40.4544008078,31.7856007589,31.7856007589,40.4544008078,40.4544008078,40.4544008078,44.7888008322,40.4544008078,36.1200007834,44.7888008322,49.1232008566,44.7888008322,44.7888008322,40.4544008078,49.1232008566,40.4544008078,40.4544008078,36.1200007834,36.1200007834,27.4512007345,31.7856007589,23.1168007101,27.4512007345,27.4512007345,31.7856007589,27.4512007345,31.7856007589,27.4512007345,31.7856007589,31.7856007589,36.1200007834,31.7856007589,40.4544008078,36.1200007834,36.1200007834,36.1200007834,36.1200007834,36.1200007834,23.1168007101,27.4512007345,27.4512007345,14.4480006613,44.7888008322,44.7888008322,40.4544008078,40.4544008078,31.7856007589,31.7856007589,36.1200007834,27.4512007345,49.1232008566,53.457600881,49.1232008566,44.7888008322,31.7856007589,31.7856007589,31.7856007589,31.7856007589,27.4512007345,31.7856007589,27.4512007345,27.4512007345,31.7856007589,36.1200007834,36.1200007834,31.7856007589,27.4512007345,44.7888008322,40.4544008078,40.4544008078,31.7856007589,36.1200007834,40.4544008078,36.1200007834],