{"DotNum":[0,0,0,0,0,1,1,1,1,2,2,2,2,2,3,3,3,3,3,4,4,4,4,5,5,5,5,6,6,6,6,7,7,7,7,7,8,8,8,8,9,9,10,10,10,10,10,11,11,11,11,12,12,12,12,12,13,13,13,13,13,14,14,14,14,14,15,15,15,15,16,16,16,16,17,17,17,17,17,17,18,18,18,18,19,19,19,19,19,20,20,20,20,21,21,21,21,22,22,22,22,22,23,23,23,23,23,24,24,24,24,24,25,25,25,25,26,26,26,26,26,27,27,27,27,27,28,28,28,28,29,29,29,29,30,30,30,30,31,31,31,31,32,32,32,32,33,33,33,33,33,34,34,34,34,35,35,35,35,36,36,37],"XPts":[117.103695869,117.103695869,117.103695869,117.103695869,117.103695869,113.588535786,113.588535786,113.588535786,113.588535786,269.269647598,269.269647598,269.269647598,269.269647598,269.269647598,119.111096859,119.111096859,119.111096859,119.111096859,119.111096859,259.702558517,259.702558517,259.702558517,259.702558517,189.486889839,189.486889839,189.486889839,189.486889839,231.714644432,231.714644432,231.714644432,231.714644432,185.896949768,185.896949768,185.896949768,185.896949768,185.896949768,99.862806797,99.862806797,99.862806797,99.862806797,280,280,100,100,100,100,100,149.634821415,149.634821415,149.634821415,149.634821415,160,160,160,160,160,160,160,160,160,160,59.7329545021,59.7329545021,59.7329545021,59.7329545021,59.7329545021,108.814096451,108.814096451,108.814096451,108.814096451,114.63716507,114.63716507,114.63716507,114.63716507,280,280,280,280,280,280,245.950107574,245.950107574,245.950107574,245.950107574,40,40,40,40,40,100,100,100,100,182.287254333,182.287254333,182.287254333,182.287254333,220,220,220,220,220,220,220,220,220,220,40,40,40,40,40,280,280,280,280,160,160,160,160,160,117.561924458,117.561924458,117.561924458,117.561924458,117.561924458,40,40,40,40,119.035458565,119.035458565,119.035458565,119.035458565,149.634821415,149.634821415,149.634821415,149.634821415,182.287254333,182.287254333,182.287254333,182.287254333,40,40,40,40,245.950107574,245.950107574,245.950107574,245.950107574,245.950107574,59.7329545021,59.7329545021,59.7329545021,59.7329545021,108.814096451,108.814096451,108.814096451,108.814096451,117.103695869,117.103695869,100],"YPts":[142.667186618,142.667186618,142.667186618,142.667186618,142.667186618,435.242304325,435.242304325,435.242304325,435.242304325,77.9168638587,77.9168638587,77.9168638587,77.9168638587,77.9168638587,272.026352644,272.026352644,272.026352644,272.026352644,272.026352644,333.016913891,333.016913891,333.016913891,333.016913891,188.239704609,188.239704609,188.239704609,188.239704609,510.024047375,510.024047375,510.024047375,510.024047375,127.146785975,127.146785975,127.146785975,127.146785975,127.146785975,516.652204514,516.652204514,516.652204514,516.652204514,40,40,406,406,406,406,406,410.068960667,410.068960667,410.068960667,410.068960667,40,40,40,40,40,284,284,284,284,284,447.442059994,447.442059994,447.442059994,447.442059994,447.442059994,482.609807014,482.609807014,482.609807014,482.609807014,209.25698638,209.25698638,209.25698638,209.25698638,284,284,284,284,284,284,496.050126076,496.050126076,496.050126076,496.050126076,284,284,284,284,284,162,162,162,162,358.204044819,358.204044819,358.204044819,358.204044819,162,162,162,162,162,406,406,406,406,406,40,40,40,40,40,528,528,528,528,528,528,528,528,528,422.343411922,422.343411922,422.343411922,422.343411922,422.343411922,528,528,528,528,390.995087624,390.995087624,390.995087624,390.995087624,410.068960667,410.068960667,410.068960667,410.068960667,358.204044819,358.204044819,358.204044819,358.204044819,528,528,528,528,496.050126076,496.050126076,496.050126076,496.050126076,496.050126076,447.442059994,447.442059994,447.442059994,447.442059994,482.609807014,482.609807014,482.609807014,482.609807014,142.667186618,142.667186618,406],"XCam":[-0.693043413609,-0.693043413609,-0.693043413609,-0.693043413609,-0.693043413609,-0.749835218713,-0.749835218713,-0.749835218713,-0.749835218713,1.76538774401,1.76538774401,1.76538774401,1.76538774401,1.76538774401,-0.660611341372,-0.660611341372,-0.660611341372,-0.660611341372,-0.660611341372,1.61081946105,1.61081946105,1.61081946105,1.61081946105,0.476397563964,0.476397563964,0.476397563964,0.476397563964,1.15863972411,1.15863972411,1.15863972411,1.15863972411,0.41839759469,0.41839759469,0.41839759469,0.41839759469,0.41839759469,-0.971591527686,-0.971591527686,-0.971591527686,-0.971591527686,1.93875,1.93875,-0.969375,-0.969375,-0.969375,-0.969375,-0.969375,-0.167462416515,-0.167462416515,-0.167462416515,-0.167462416515,0,0,0,0,0,0,0,0,0,0,-1.61993945383,-1.61993945383,-1.61993945383,-1.61993945383,-1.61993945383,-0.826972254217,-0.826972254217,-0.826972254217,-0.826972254217,-0.732893301845,-0.732893301845,-0.732893301845,-0.732893301845,1.93875,1.93875,1.93875,1.93875,1.93875,1.93875,1.3886314255,1.3886314255,1.3886314255,1.3886314255,-1.93875,-1.93875,-1.93875,-1.93875,-1.93875,-0.969375,-0.969375,-0.969375,-0.969375,0.360078452826,0.360078452826,0.360078452826,0.360078452826,0.969375,0.969375,0.969375,0.969375,0.969375,0.969375,0.969375,0.969375,0.969375,0.969375,-1.93875,-1.93875,-1.93875,-1.93875,-1.93875,1.93875,1.93875,1.93875,1.93875,0,0,0,0,0,-0.685640157983,-0.685640157983,-0.685640157983,-0.685640157983,-0.685640157983,-1.93875,-1.93875,-1.93875,-1.93875,-0.661833372563,-0.661833372563,-0.661833372563,-0.661833372563,-0.167462416515,-0.167462416515,-0.167462416515,-0.167462416515,0.360078452826,0.360078452826,0.360078452826,0.360078452826,-1.93875,-1.93875,-1.93875,-1.93875,1.3886314255,1.3886314255,1.3886314255,1.3886314255,1.3886314255,-1.61993945383,-1.61993945383,-1.61993945383,-1.61993945383,-0.826972254217,-0.826972254217,-0.826972254217,-0.826972254217,-0.693043413609,-0.693043413609,-0.969375],"YCam":[-3.33536742929,-3.33536742929,-3.33536742929,-3.33536742929,-3.33536742929,-7.99132955774,-7.99132955774,-7.99132955774,-7.99132955774,-2.30494812046,-2.30494812046,-2.30494812046,-2.30494812046,-2.30494812046,-5.39395458019,-5.39395458019,-5.39395458019,-5.39395458019,-5.39395458019,-6.36454205046,-6.36454205046,-6.36454205046,-6.36454205046,-4.06059628514,-4.06059628514,-4.06059628514,-4.06059628514,-9.18138620461,-9.18138620461,-9.18138620461,-9.18138620461,-3.0883799268,-3.0883799268,-3.0883799268,-3.0883799268,-3.0883799268,-9.28686492359,-9.28686492359,-9.28686492359,-9.28686492359,-1.70154929577,-1.70154929577,-7.52597535211,-7.52597535211,-7.52597535211,-7.52597535211,-7.52597535211,-7.59072770329,-7.59072770329,-7.59072770329,-7.59072770329,-1.70154929577,-1.70154929577,-1.70154929577,-1.70154929577,-1.70154929577,-5.5845,-5.5845,-5.5845,-5.5845,-5.5845,-8.18547320472,-8.18547320472,-8.18547320472,-8.18547320472,-8.18547320472,-8.74512331972,-8.74512331972,-8.74512331972,-8.74512331972,-4.3950596829,-4.3950596829,-4.3950596829,-4.3950596829,-5.5845,-5.5845,-5.5845,-5.5845,-5.5845,-5.5845,-8.95900896056,-8.95900896056,-8.95900896056,-8.95900896056,-5.5845,-5.5845,-5.5845,-5.5845,-5.5845,-3.64302464789,-3.64302464789,-3.64302464789,-3.64302464789,-6.76536331183,-6.76536331183,-6.76536331183,-6.76536331183,-3.64302464789,-3.64302464789,-3.64302464789,-3.64302464789,-3.64302464789,-7.52597535211,-7.52597535211,-7.52597535211,-7.52597535211,-7.52597535211,-1.70154929577,-1.70154929577,-1.70154929577,-1.70154929577,-1.70154929577,-9.46745070423,-9.46745070423,-9.46745070423,-9.46745070423,-9.46745070423,-9.46745070423,-9.46745070423,-9.46745070423,-9.46745070423,-7.78606003586,-7.78606003586,-7.78606003586,-7.78606003586,-7.78606003586,-9.46745070423,-9.46745070423,-9.46745070423,-9.46745070423,-7.28719119195,-7.28719119195,-7.28719119195,-7.28719119195,-7.59072770329,-7.59072770329,-7.59072770329,-7.59072770329,-6.76536331183,-6.76536331183,-6.76536331183,-6.76536331183,-9.46745070423,-9.46745070423,-9.46745070423,-9.46745070423,-8.95900896056,-8.95900896056,-8.95900896056,-8.95900896056,-8.95900896056,-8.18547320472,-8.18547320472,-8.18547320472,-8.18547320472,-8.74512331972,-8.74512331972,-8.74512331972,-8.74512331972,-3.33536742929,-3.33536742929,-7.52597535211],